source_id,business_name,domain,profile,market,state,theme,worker_name,review_url
LLG-DRAINSCAPE,DrainScape Solutions,drainscapesolutions.com,drainage-french-drains,Charleston,SC,deep-blue-white,llg-site-drainscapesolutions,https://llg-site-drainscapesolutions.justin-b75.workers.dev/
LOC-001,San Antonio Landscaping,pristinelandscapingsa.com,landscaping-lawn-care,San Antonio,TX,charcoal-blue-accent,llg-site-pristinelandscapingsa,https://llg-site-pristinelandscapingsa.justin-b75.workers.dev/
LOC-002,Seattle Drain Pros,seattledrainpros.com,drainage-french-drains,Seattle,WA,soft-luxury-blue,llg-site-seattledrainpros,https://llg-site-seattledrainpros.justin-b75.workers.dev/
LOC-003,Portland Drain Guys,portlanddrainguys.com,drainage-french-drains,Portland,OR,almost-monochrome-blue,llg-site-portlanddrainguys,https://llg-site-portlanddrainguys.justin-b75.workers.dev/
LOC-004,Seattle Outdoor Drainage Solutions,outdoordrainagesolutionsseattlewa.com,drainage-french-drains,Seattle,WA,deep-blue-white,llg-site-outdoordrainagesolutionsseattlewa,https://llg-site-outdoordrainagesolutionsseattlewa.justin-b75.workers.dev/
LOC-006,Charlotte Drain Guys,charlottedrainguys.com,drainage-french-drains,Charlotte,NC,cream-red-light-blue,llg-site-charlottedrainguys,https://llg-site-charlottedrainguys.justin-b75.workers.dev/
LOC-007,Birmingham Drain Pros,birminghamdrainpros.com,drainage-french-drains,Birmingham,AL,black-warm-gray-white,llg-site-birminghamdrainpros,https://llg-site-birminghamdrainpros.justin-b75.workers.dev/
LOC-008,Virginia Beach Drain Pros,vbdrainpros.com,drainage-french-drains,Virginia Beach,VA,high-end-blue-neutral,llg-site-vbdrainpros,https://llg-site-vbdrainpros.justin-b75.workers.dev/
LOC-009,Oklahoma City French Drain,okcityfrenchdrain.com,drainage-french-drains,Oklahoma City,OK,charcoal-blue-accent,llg-site-okcityfrenchdrain,https://llg-site-okcityfrenchdrain.justin-b75.workers.dev/
LOC-010,Oklahoma City French Drain,tejefrenchdraincontractor.com,drainage-french-drains,Oklahoma City,OK,soft-luxury-blue,llg-site-tejefrenchdraincontractor,https://llg-site-tejefrenchdraincontractor.justin-b75.workers.dev/
LOC-011,Oklahoma City Outdoor Drainage Solutions,outdoordrainagesolutionsoklahomacityok.com,drainage-french-drains,Oklahoma City,OK,almost-monochrome-blue,llg-site-outdoordrainagesolutionsoklahomacityok,https://llg-site-outdoordrainagesolutionsoklahomacityok.justin-b75.workers.dev/
LOC-012,Tulsa Drain Pros,tulsadrainpros.com,drainage-french-drains,Tulsa,OK,deep-blue-white,llg-site-tulsadrainpros,https://llg-site-tulsadrainpros.justin-b75.workers.dev/
LOC-013,St. Louis Drain Pros,stlouisdrainpros.com,drainage-french-drains,St. Louis,MO,cream-red-light-blue,llg-site-stlouisdrainpros,https://llg-site-stlouisdrainpros.justin-b75.workers.dev/
LOC-014,Raleigh Drain Pros,raleighdrainpros.com,drainage-french-drains,Raleigh,NC,black-warm-gray-white,llg-site-raleighdrainpros,https://llg-site-raleighdrainpros.justin-b75.workers.dev/
LOC-016,Fort Worth Drain Pros,fortworthdrainpros.com,drainage-french-drains,Fort Worth,TX,high-end-blue-neutral,llg-site-fortworthdrainpros,https://llg-site-fortworthdrainpros.justin-b75.workers.dev/
LOC-017,Richmond French Drain,richmondfrenchdrain.com,drainage-french-drains,Richmond,VA,charcoal-blue-accent,llg-site-richmondfrenchdrain,https://llg-site-richmondfrenchdrain.justin-b75.workers.dev/
LOC-018,Jacksonville French Drain,jacksonvillefrenchdrain.com,drainage-french-drains,Jacksonville,FL,soft-luxury-blue,llg-site-jacksonvillefrenchdrain,https://llg-site-jacksonvillefrenchdrain.justin-b75.workers.dev/
LOC-019,San Antonio Outdoor Drainage Solutions,outdoordrainagesolutionssanantoniotx.com,drainage-french-drains,San Antonio,TX,almost-monochrome-blue,llg-site-outdoordrainagesolutionssanantoniotx,https://llg-site-outdoordrainagesolutionssanantoniotx.justin-b75.workers.dev/
LOC-020,Nashville Drain Pros,nashvilledrainpros.com,drainage-french-drains,Nashville,TN,deep-blue-white,llg-site-nashvilledrainpros,https://llg-site-nashvilledrainpros.justin-b75.workers.dev/
LOC-021,Wilmington French Drain,wilmingtonfrenchdrain.com,drainage-french-drains,Wilmington,NC,cream-red-light-blue,llg-site-wilmingtonfrenchdrain,https://llg-site-wilmingtonfrenchdrain.justin-b75.workers.dev/
LOC-022,Savannah Drain Guys,savannahdrainguys.com,drainage-french-drains,Savannah,GA,black-warm-gray-white,llg-site-savannahdrainguys,https://llg-site-savannahdrainguys.justin-b75.workers.dev/
LOC-024,Columbus Drain Guys,columbusdrainguys.com,drainage-french-drains,Columbus,OH,high-end-blue-neutral,llg-site-columbusdrainguys,https://llg-site-columbusdrainguys.justin-b75.workers.dev/
LOC-025,Jackson French Drain,jacksonfrenchdrain.com,drainage-french-drains,Jackson,MS,charcoal-blue-accent,llg-site-jacksonfrenchdrain,https://llg-site-jacksonfrenchdrain.justin-b75.workers.dev/
LOC-026,New Jersey Outdoor Drainage Solutions,outdoordrainagesolutionsnewjersey.com,drainage-french-drains,New Jersey,NJ,soft-luxury-blue,llg-site-outdoordrainagesolutionsnewjersey,https://llg-site-outdoordrainagesolutionsnewjersey.justin-b75.workers.dev/
LOC-027,Houston Drain Pros,houstondrainpros.com,drainage-french-drains,Houston,TX,almost-monochrome-blue,llg-site-houstondrainpros,https://llg-site-houstondrainpros.justin-b75.workers.dev/
LOC-028,Atlanta Drain Pros,atlantadrainpros.com,drainage-french-drains,Atlanta,GA,deep-blue-white,llg-site-atlantadrainpros,https://llg-site-atlantadrainpros.justin-b75.workers.dev/
LOC-029,Atlanta Outdoor Drainage Solutions,outdoordrainagesolutionsatlantaga.com,drainage-french-drains,Atlanta,GA,cream-red-light-blue,llg-site-outdoordrainagesolutionsatlantaga,https://llg-site-outdoordrainagesolutionsatlantaga.justin-b75.workers.dev/
LOC-030,Ocala Outdoor Drainage Solutions,outdoordrainagesolutionsocalafl.com,drainage-french-drains,Ocala,FL,black-warm-gray-white,llg-site-outdoordrainagesolutionsocalafl,https://llg-site-outdoordrainagesolutionsocalafl.justin-b75.workers.dev/
LOC-031,Cape Coral Outdoor Drainage Solutions,outdoordrainagesolutionscapecoralfl.com,drainage-french-drains,Cape Coral,FL,high-end-blue-neutral,llg-site-outdoordrainagesolutionscapecoralfl,https://llg-site-outdoordrainagesolutionscapecoralfl.justin-b75.workers.dev/
LOC-032,Indianapolis Drain Pros,indydrainpros.com,drainage-french-drains,Indianapolis,IN,charcoal-blue-accent,llg-site-indydrainpros,https://llg-site-indydrainpros.justin-b75.workers.dev/
LOC-033,Indianapolis Outdoor Drainage Solutions,outdoordrainagesolutionsindianapolisin.com,drainage-french-drains,Indianapolis,IN,soft-luxury-blue,llg-site-outdoordrainagesolutionsindianapolisin,https://llg-site-outdoordrainagesolutionsindianapolisin.justin-b75.workers.dev/
LOC-034,Cleveland Drain Pros,clevelanddrainpros.com,drainage-french-drains,Cleveland,OH,almost-monochrome-blue,llg-site-clevelanddrainpros,https://llg-site-clevelanddrainpros.justin-b75.workers.dev/
LOC-035,Charleston French Drain,charlestonfrenchdrain.com,drainage-french-drains,Charleston,SC,deep-blue-white,llg-site-charlestonfrenchdrain,https://llg-site-charlestonfrenchdrain.justin-b75.workers.dev/
LOC-036,Greensboro Drain Guys,greensborodrainguys.com,drainage-french-drains,Greensboro,NC,cream-red-light-blue,llg-site-greensborodrainguys,https://llg-site-greensborodrainguys.justin-b75.workers.dev/
LOC-037,Little Rock French Drain,littlerockfrenchdrain.com,drainage-french-drains,Little Rock,AR,black-warm-gray-white,llg-site-littlerockfrenchdrain,https://llg-site-littlerockfrenchdrain.justin-b75.workers.dev/
LOC-038,Pittsburgh French Drains,pghfrenchdrains.com,drainage-french-drains,Pittsburgh,PA,high-end-blue-neutral,llg-site-pghfrenchdrains,https://llg-site-pghfrenchdrains.justin-b75.workers.dev/
LOC-039,Connecticut Drain Pros,connecticutdrainpros.com,drainage-french-drains,Connecticut,CT,charcoal-blue-accent,llg-site-connecticutdrainpros,https://llg-site-connecticutdrainpros.justin-b75.workers.dev/
LOC-040,Bridgeport Outdoor Drainage Solutions,outdoordrainagesolutionsbridgeportct.com,drainage-french-drains,Bridgeport,CT,soft-luxury-blue,llg-site-outdoordrainagesolutionsbridgeportct,https://llg-site-outdoordrainagesolutionsbridgeportct.justin-b75.workers.dev/
LOC-041,Cincinnati French Drains,cincinnatifrenchdrains.com,drainage-french-drains,Cincinnati,OH,almost-monochrome-blue,llg-site-cincinnatifrenchdrains,https://llg-site-cincinnatifrenchdrains.justin-b75.workers.dev/
LOC-042,New Orleans French Drain,neworleansfrenchdrain.com,drainage-french-drains,New Orleans,LA,deep-blue-white,llg-site-neworleansfrenchdrain,https://llg-site-neworleansfrenchdrain.justin-b75.workers.dev/
LOC-043,Kansas City Drain Guys,kansascitydrainguys.com,drainage-french-drains,Kansas City,MO,cream-red-light-blue,llg-site-kansascitydrainguys,https://llg-site-kansascitydrainguys.justin-b75.workers.dev/
LOC-044,Baltimore French Drain,baltimorefrenchdrain.com,drainage-french-drains,Baltimore,MD,black-warm-gray-white,llg-site-baltimorefrenchdrain,https://llg-site-baltimorefrenchdrain.justin-b75.workers.dev/
LOC-045,Dallas Drain Guys,dallasdrainguys.com,drainage-french-drains,Dallas,TX,high-end-blue-neutral,llg-site-dallasdrainguys,https://llg-site-dallasdrainguys.justin-b75.workers.dev/
LOC-046,Austin Drain Guys,austindrainguys.com,drainage-french-drains,Austin,TX,charcoal-blue-accent,llg-site-austindrainguys,https://llg-site-austindrainguys.justin-b75.workers.dev/
LOC-047,Chicago Drainage Guys,chicagodrainageguys.com,drainage-french-drains,Chicago,IL,soft-luxury-blue,llg-site-chicagodrainageguys,https://llg-site-chicagodrainageguys.justin-b75.workers.dev/
LOC-048,Chicago Outdoor Drainage Solutions,outdoordrainagesolutionschicagoil.com,drainage-french-drains,Chicago,IL,almost-monochrome-blue,llg-site-outdoordrainagesolutionschicagoil,https://llg-site-outdoordrainagesolutionschicagoil.justin-b75.workers.dev/
LOC-049,Fort Worth Paver Installation Pros,paverinstallationprosfortworthtx.com,concrete-pavers,Fort Worth,TX,deep-blue-white,llg-site-paverinstallationprosfortworthtx,https://llg-site-paverinstallationprosfortworthtx.justin-b75.workers.dev/
LOC-050,Richmond Retaining Wall Contractors,retainingwallcontractorrichmondva.com,retaining-walls,Richmond,VA,cream-red-light-blue,llg-site-retainingwallcontractorrichmondva,https://llg-site-retainingwallcontractorrichmondva.justin-b75.workers.dev/
LOC-051,Tulsa Precision Walls,tulsaprecisionwalls.com,retaining-walls,Tulsa,OK,black-warm-gray-white,llg-site-tulsaprecisionwalls,https://llg-site-tulsaprecisionwalls.justin-b75.workers.dev/
LOC-052,Birmingham Precision Walls,birminghamprecisionwalls.com,retaining-walls,Birmingham,AL,high-end-blue-neutral,llg-site-birminghamprecisionwalls,https://llg-site-birminghamprecisionwalls.justin-b75.workers.dev/
LOC-053,Seattle Precision Walls,seattleprecisionwalls.com,retaining-walls,Seattle,WA,charcoal-blue-accent,llg-site-seattleprecisionwalls,https://llg-site-seattleprecisionwalls.justin-b75.workers.dev/
LOC-054,Oklahoma City Precision Walls,okcprecisionwalls.com,retaining-walls,Oklahoma City,OK,soft-luxury-blue,llg-site-okcprecisionwalls,https://llg-site-okcprecisionwalls.justin-b75.workers.dev/
LOC-055,Charlotte Precision Walls,charlotteprecisionwalls.com,retaining-walls,Charlotte,NC,almost-monochrome-blue,llg-site-charlotteprecisionwalls,https://llg-site-charlotteprecisionwalls.justin-b75.workers.dev/
LOC-056,Atlanta Precision Walls,atlantaprecisionwalls.com,retaining-walls,Atlanta,GA,deep-blue-white,llg-site-atlantaprecisionwalls,https://llg-site-atlantaprecisionwalls.justin-b75.workers.dev/
LOC-057,San Antonio Retaining Wall Contractors,retainingwallcontractorsanantoniotx.com,retaining-walls,San Antonio,TX,cream-red-light-blue,llg-site-retainingwallcontractorsanantoniotx,https://llg-site-retainingwallcontractorsanantoniotx.justin-b75.workers.dev/
LOC-058,Louisville Precision Walls,louisvilleprecisionwalls.com,retaining-walls,Louisville,KY,black-warm-gray-white,llg-site-louisvilleprecisionwalls,https://llg-site-louisvilleprecisionwalls.justin-b75.workers.dev/
LOC-059,McAllen Concrete Contractor Pros,concretecontractorsmcallen.com,concrete-pavers,McAllen,TX,high-end-blue-neutral,llg-site-concretecontractorsmcallen,https://llg-site-concretecontractorsmcallen.justin-b75.workers.dev/
LOC-060,Cincinnati Precision Walls,cincinnatiprecisionwalls.com,retaining-walls,Cincinnati,OH,charcoal-blue-accent,llg-site-cincinnatiprecisionwalls,https://llg-site-cincinnatiprecisionwalls.justin-b75.workers.dev/
LOC-061,Little Rock Precision Walls,littlerockprecisionwalls.com,retaining-walls,Little Rock,AR,soft-luxury-blue,llg-site-littlerockprecisionwalls,https://llg-site-littlerockprecisionwalls.justin-b75.workers.dev/
LOC-062,Salt Lake City Precision Walls,saltlakecityprecisionwalls.com,retaining-walls,Salt Lake City,UT,almost-monochrome-blue,llg-site-saltlakecityprecisionwalls,https://llg-site-saltlakecityprecisionwalls.justin-b75.workers.dev/
LOC-079,San Antonio Fence Pros,fenceprosofsanantonio.com,fencing,San Antonio,TX,cream-red-light-blue,llg-site-fenceprosofsanantonio,https://llg-site-fenceprosofsanantonio.justin-b75.workers.dev/
LOC-080,Morgantown Fence Pros,morgantownfencepros.com,fencing,Morgantown,WV,black-warm-gray-white,llg-site-morgantownfencepros,https://llg-site-morgantownfencepros.justin-b75.workers.dev/
LOC-081,New Jersey Fencing Company,newjerseyfencingcompany.com,fencing,New Jersey,NJ,high-end-blue-neutral,llg-site-newjerseyfencingcompany,https://llg-site-newjerseyfencingcompany.justin-b75.workers.dev/
LOC-083,San Antonio Sprinkler Systems,sprinklersystemsofsanantoniotx.com,irrigation-sprinklers,San Antonio,TX,soft-luxury-blue,llg-site-sprinklersystemsofsanantoniotx,https://llg-site-sprinklersystemsofsanantoniotx.justin-b75.workers.dev/
LOC-084,Santa Clarita Tree Service Pros,santaclaritatreeservicepros.com,tree-service,Santa Clarita,CA,almost-monochrome-blue,llg-site-santaclaritatreeservicepros,https://llg-site-santaclaritatreeservicepros.justin-b75.workers.dev/
LOC-085,PGH Pool Service,pghpoolservice.com,pool-service,Pittsburgh,PA,deep-blue-white,llg-site-pghpoolservice,https://llg-site-pghpoolservice.justin-b75.workers.dev/
LOC-088,Pittsburgh Fence Pros,pittsburghfencepros.com,fencing,Pittsburgh,PA,high-end-blue-neutral,llg-site-pittsburghfencepros,https://llg-site-pittsburghfencepros.justin-b75.workers.dev/
LOC-089,McAllen Tree Service Pros,treeserviceprosmcallen.com,tree-service,McAllen,TX,charcoal-blue-accent,llg-site-treeserviceprosmcallen,https://llg-site-treeserviceprosmcallen.justin-b75.workers.dev/
LOC-090,Schertz Lawn Care,schertzlawncare.com,landscaping-lawn-care,Schertz,TX,soft-luxury-blue,llg-site-schertzlawncare,https://llg-site-schertzlawncare.justin-b75.workers.dev/
LOC-091,San Antonio Lawn Care,lawncareofsanantonio.com,landscaping-lawn-care,San Antonio,TX,almost-monochrome-blue,llg-site-lawncareofsanantonio,https://llg-site-lawncareofsanantonio.justin-b75.workers.dev/
LOC-093,Pittsburgh Painting Pros,pghpaintingpros.com,painting,Pittsburgh,PA,cream-red-light-blue,llg-site-pghpaintingpros,https://llg-site-pghpaintingpros.justin-b75.workers.dev/
LOC-095,Akron Drain Pros,akrondrainpros.com,drainage-french-drains,Akron,OH,high-end-blue-neutral,llg-site-akrondrainpros,https://llg-site-akrondrainpros.justin-b75.workers.dev/
LOC-096,Canton Drain Pros,cantondrainpros.com,drainage-french-drains,Canton,OH,charcoal-blue-accent,llg-site-cantondrainpros,https://llg-site-cantondrainpros.justin-b75.workers.dev/
LOC-097,Youngstown Drain Pros,youngstowndrainpros.com,drainage-french-drains,Youngstown,OH,soft-luxury-blue,llg-site-youngstowndrainpros,https://llg-site-youngstowndrainpros.justin-b75.workers.dev/
LOC-100,West Virginia Drain Pros,wvdrainpros.com,drainage-french-drains,West Virginia,WV,cream-red-light-blue,llg-site-wvdrainpros,https://llg-site-wvdrainpros.justin-b75.workers.dev/
LOC-101,Akron Fence Pros,akronfencepros.com,fencing,Akron,OH,black-warm-gray-white,llg-site-akronfencepros,https://llg-site-akronfencepros.justin-b75.workers.dev/
LOC-102,Cleveland Fence Pros,clevelandfencepros.com,fencing,Cleveland,OH,high-end-blue-neutral,llg-site-clevelandfencepros,https://llg-site-clevelandfencepros.justin-b75.workers.dev/
LOC-103,Youngstown Fence Pros,youngstownfencepros.com,fencing,Youngstown,OH,charcoal-blue-accent,llg-site-youngstownfencepros,https://llg-site-youngstownfencepros.justin-b75.workers.dev/
LOC-104,Naples Pool Pros,naplespoolpros.com,pool-service,Naples,FL,soft-luxury-blue,llg-site-naplespoolpros,https://llg-site-naplespoolpros.justin-b75.workers.dev/
LOC-105,Tulsa Foundation Pros,tulsafoundationpros.com,foundation-repair,Tulsa,OK,almost-monochrome-blue,llg-site-tulsafoundationpros,https://llg-site-tulsafoundationpros.justin-b75.workers.dev/
LOC-106,Pittsburgh Keep It Cool HVAC,keepitcoolpittsburgh.com,hvac,Pittsburgh,PA,deep-blue-white,llg-site-keepitcoolpittsburgh,https://llg-site-keepitcoolpittsburgh.justin-b75.workers.dev/
LOC-112,Pittsburgh Tree Service Pros,treeserviceinpittsburgh.com,tree-service,Pittsburgh,PA,almost-monochrome-blue,llg-site-treeserviceinpittsburgh,https://llg-site-treeserviceinpittsburgh.justin-b75.workers.dev/
LOC-114,Cedar Rapids Concrete Contractor Pros,cedarrapidsconcretecontractorpros.com,concrete-pavers,Cedar Rapids,IA,cream-red-light-blue,llg-site-cedarrapidsconcretecontractorpros,https://llg-site-cedarrapidsconcretecontractorpros.justin-b75.workers.dev/
LOC-115,Thousand Oaks Fence Pros,thousandoaksfencingpros.com,fencing,Thousand Oaks,CA,black-warm-gray-white,llg-site-thousandoaksfencingpros,https://llg-site-thousandoaksfencingpros.justin-b75.workers.dev/
LOC-117,San Antonio Concrete & Paver Pros,3vsanantoniopaverservices.com,concrete-pavers,San Antonio,TX,charcoal-blue-accent,llg-site-3vsanantoniopaverservices,https://llg-site-3vsanantoniopaverservices.justin-b75.workers.dev/
LOC-118,St. Louis Retaining Wall Contractors,highendretainingwallcontractorstlouismo.com,retaining-walls,St. Louis,MO,soft-luxury-blue,llg-site-highendretainingwallcontractorstlouismo,https://llg-site-highendretainingwallcontractorstlouismo.justin-b75.workers.dev/
